insert into Pais(nome)
values('Portugal'),
('Espanha'),
('França'),
('Reino Unido'),
('Brasil'),
('Nigeria')

GO
	
insert into Cidade(nome, Pais)
values('Porto', 1),
('Aveiro', 1),
('Eibar', 2),
('Malaga', 2),
('Vigo', 2),
('Amiens', 3),
('Selhurst', 4),
('Southampton', 4),
('Stratford', 4)
	
GO

insert into Estadio(nome, Cidade)
values('Bessa', 1),
('Marcolino', 2),
('Estadio Municipal', 2),
('Ipurua', 3),
('La Rosaleda', 4),
('Balaidos', 5),
('Licorne', 6),
('Selhurst', 7),
('Light', 8),
('London', 9)

GO
	
insert into Equipa(nome, Estadio)
values('Boavista', 1),
('Feirense', 2),
('Arouca', 3),
('Eibar', 4),
('Malaga', 5),
('Celta', 6),
('Amiens', 7),
('Crystal Palace', 8),
('Southampton', 9),
('West Ham', 10)

GO
	
insert into Pessoa(nome, Nacionalidade)
values('Bracalli', 5),
('Chidozie', 6),
('Javi Garcia', 5),
('Paulinho', 5),
('Elis', 6),
('Angel Gomes', 1),
('Njie', 6),
('Jesualdo Ferreira', 1),
('Ricardo', 1),
('Diogo Viana', 1),
('Ruca', 1),
('Fabio Espinho', 1),
('Edson', 5),
('Manu', 1),
('Platiny', 1),
('Filipe Rocha', 1),
('Victor', 1),
('Bruno', 1),
('Leandro', 1),
('Pedro Moreira', 1),
('Pité', 1),
('Norbert', 1),
('Yawn', 5),
('Armando', 1),
('Unai', 2),
('Paulo Oliveira', 1),
('Leon', 2),
('Pozo', 2),
('Bryan', 2),
('Yoel', 2),
('Rafa', 1),
('José', 2),
('Dani', 2),
('Quintana', 2),
('Juande', 2),
('Mini', 2),
('Orlando Sá', 2),
('Benitez', 2),
('Kevin', 2),
('Garcia', 2),
('Iago', 2),
('David', 2),
('Denis', 2),
('Raul', 2),
('Nolito', 2),
('Fran', 2),
('Santi', 2),
('Oscar', 2),
('Regis', 3),
('Valentin', 3),
('Lusamba', 3),
('Gomis', 3),
('Tapha', 3),
('Florian', 3),
('Prince', 3),
('Tenchat', 3),
('Butland', 4),
('Ward', 4),
('Towsend', 4),
('Cahil', 4),
('Wichan', 4),
('Clyne', 4),
('Kevin', 4),
('Hodgson', 4),
('Foster', 4),
('Bertrand', 4),
('Prowse', 4),
('Mccqueen', 4),
('Ings', 4),
('Chouke', 4),
('Redmond', 4),
('Ralph', 4),
('Martin', 4),
('Ben Johnson', 4),
('Rice', 4),
('Noble', 4),
('Antonio', 4),
('Fornds', 2),
('Langelo', 4),
('Moyes', 4),
('Batman', 5),
('Paulo', 1),
('Ali Baba', 2),
('Metralha', 1),
('Marega', 6)
	
GO

insert into funcaoPessoa(id, funcao)
values(1, 'Jogador'),
(2, 'Equipa Técnica')

GO

		insert into pessoaEquipa(idPessoa, idEquipa, dataInicio, funcao)
		values(1, 1, '2019-06-01', 1),
		(2, 1, '2019-06-01', 1),
		(3, 1, '2019-06-01', 1),
		(4, 1, '2020-06-01', 1),
		(5, 1, '2019-06-01', 1),
		(6, 1, '2018-06-01', 1),
		(7, 1, '2020-06-01', 1),
		(8, 1, '2019-06-01', 2),
		(9, 2, '2019-06-01', 1),
		(10, 2, '2019-06-01', 1),
		(11, 2, '2019-06-01', 1),
		(12, 2, '2020-06-01', 1),
		(13, 2, '2019-06-01', 1),
		(14, 2, '2018-06-01', 1),
		(15, 2, '2020-06-01', 1),
		(16, 2, '2019-06-01', 2),
		(17, 3, '2019-06-01', 1),
		(18, 3, '2019-06-01', 1),
		(19, 3, '2019-06-01', 1),
		(20, 3, '2020-06-01', 1),
		(21, 3, '2019-06-01', 1),
		(22, 3, '2018-06-01', 1),
		(23, 3, '2020-06-01', 1),
		(24, 3, '2019-06-01', 2),
		(25, 4, '2019-06-01', 1),
		(26, 4, '2019-06-01', 1),
		(27, 4, '2019-06-01', 1),
		(28, 4, '2020-06-01', 1),
		(29, 4, '2019-06-01', 1),
		(30, 4, '2018-06-01', 1),
		(31, 4, '2020-06-01', 1),
		(32, 4, '2019-06-01', 2),
		(33, 5, '2019-06-01', 1),
		(34, 5, '2019-06-01', 1),
		(35, 5, '2019-06-01', 1),
		(36, 5, '2020-06-01', 1),
		(37, 5, '2019-06-01', 1),
		(38, 5, '2018-06-01', 1),
		(39, 5, '2020-06-01', 1),
		(40, 5, '2019-06-01', 2),
		(41, 6, '2019-06-01', 1),
		(42, 6, '2019-06-01', 1),
		(43, 6, '2019-06-01', 1),
		(44, 6, '2020-06-01', 1),
		(45, 6, '2019-06-01', 1),
		(46, 6, '2018-06-01', 1),
		(47, 6, '2020-06-01', 1),
		(48, 6, '2019-06-01', 2),
		(49, 7, '2019-06-01', 1),
		(50, 7, '2019-06-01', 1),
		(51, 7, '2019-06-01', 1),
		(52, 7, '2020-06-01', 1),
		(53, 7, '2019-06-01', 1),
		(54, 7, '2018-06-01', 1),
		(55, 7, '2020-06-01', 1),
		(56, 7, '2017-06-01', 2),
		(57, 8, '2019-06-01', 1),
		(58, 8, '2019-06-01', 1),
		(59, 8, '2019-06-01', 1),
		(60, 8, '2020-06-01', 1),
		(61, 8, '2019-06-01', 1),
		(62, 8, '2018-06-01', 1),
		(63, 8, '2020-06-01', 1),
		(64, 8, '2016-06-01', 2),
		(65, 9, '2019-06-01', 1),
		(66, 9, '2019-06-01', 1),
		(67, 9, '2019-06-01', 1),
		(68, 9, '2020-06-01', 1),
		(69, 9, '2019-06-01', 1),
		(70, 9, '2018-06-01', 1),
		(71, 9, '2020-06-01', 1),
		(72, 9, '2019-06-01', 2),
		(73, 10, '2019-06-01', 1),
		(74, 10, '2019-06-01', 1),
		(75, 10, '2019-06-01', 1),
		(76, 10, '2020-06-01', 1),
		(77, 10, '2019-06-01', 1),
		(78, 10, '2018-06-01', 1),
		(79, 10, '2020-06-01', 1),
		(80, 10, '2020-06-01', 2)

GO

insert into arbitro(idPessoa)
values(81),
(82),
(83),
(84),
(85)


GO

insert into liga(ano, nome)
values(2021, 'ISEP')

GO

insert into jornada(jornada, liga)
values(1,2021),
(2,2021),
(3,2021),
(4,2021),
(5,2021),
(6,2021),
(7,2021),
(8,2021),
(9,2021),
(10,2021),
(11,2021),
(12,2021),
(13,2021),
(14,2021),
(15,2021),
(16,2021),
(17,2021),
(18,2021)

GO

insert into Jogo(liga, jornada,idEstadio,arbitro,dia)
values(2021,1,1,1,'2020-9-12'),
(2021,1,3,2,'2020-9-12'),
(2021,1,5,3,'2020-9-13'),
(2021,1,7,4,'2020-9-13'),
(2021,1,9,5,'2020-9-14'),
(2021,2,2,1,'2020-9-25'),
(2021,2,4,2,'2020-9-25'),
(2021,2,6,3,'2020-9-26'),
(2021,2,8,4,'2020-9-26'),
(2021,2,10,5,'2020-9-27'),
(2021,3,1,1,'2020-10-2'),
(2021,3,3,2,'2020-10-2'),
(2021,3,5,3,'2020-10-3'),
(2021,3,7,4,'2020-10-3'),
(2021,3,9,5,'2020-10-4')

GO

insert into jogoEquipa(idJogo, idEquipa, casaFora)
values(1,1,0),
(1,2,1),
(2,3,0),
(2,4,1),
(3,5,0),
(3,6,1),
(4,7,0),
(4,8,1),
(5,9,0),
(5,10,1),
(6,10,0),
(6,1,1),
(7,2,0),
(7,3,1),
(8,4,0),
(8,5,1),
(9,6,0),
(9,7,1),
(10,8,0),
(10,9,1),
(11,1,0),
(11,4,1),
(12,3,0),
(12,6,1),
(13,5,0),
(13,8,1),
(14,7,0),
(14,10,1),
(15,9,0),
(15,2,1)

GO

insert into estadoEmJogo(id, estadoJogo)
values(0, 'expulso'),
(1, 'banco'),
(2, 'camopo'),
(3, 'Equipa técnica')

GO

insert into funcaoJogo(id, nome)
values(1, 'Titular'),
(2, 'Suplente'),
(3, 'Equipa Técnica')

GO

		insert into pessoaJogo(idPessoa, idEquipa, idJogo, funcaoJogo, estadoemJogo)
		values(1,1,1,1,2),
		(2,1,1,1,2),
		(3,1,1,1,2),
		(4,1,1,1,2),
		(5,1,1,1,2),
		(6,1,1,2,1),
		(7,1,1,2,1),
		(8,1,1,3,3),
		(1,1,6,1,2),
		(2,1,6,1,2),
		(3,1,6,1,2),
		(4,1,6,1,2),
		(5,1,6,1,2),
		(6,1,6,2,1),
		(7,1,6,2,1),
		(8,1,6,3,3),
		(1,1,11,1,2),
		(2,1,11,1,2),
		(3,1,11,1,2),
		(4,1,11,1,2),
		(5,1,11,1,2),
		(6,1,11,2,1),
		(7,1,11,2,1),
		(8,1,11,3,3),
		(9,2,1,1,2),
		(10,2,1,1,2),
		(11,2,1,1,2),
		(12,2,1,1,2),
		(13,2,1,1,2),
		(14,2,1,2,1),
		(15,2,1,2,1),
		(16,2,1,3,3),
		(9,2,7,1,2),
		(10,2,7,1,2),
		(11,2,7,1,2),
		(12,2,7,1,2),
		(13,2,7,1,2),
		(14,2,7,2,1),
		(15,2,7,2,1),
		(16,2,7,3,3),
		(9,2,15,1,2),
		(10,2,15,1,2),
		(11,2,15,1,2),
		(12,2,15,1,2),
		(13,2,15,1,2),
		(14,2,15,2,1),
		(15,2,15,2,1),
		(16,2,15,3,3),
		(17,3,2,1,2),
		(18,3,2,1,2),
		(19,3,2,1,2),
		(20,3,2,1,2),
		(21,3,2,1,2),
		(22,3,2,2,1),
		(23,3,2,2,1),
		(24,3,2,3,3),
		(17,3,7,1,2),
		(18,3,7,1,2),
		(19,3,7,1,2),
		(20,3,7,1,2),
		(21,3,7,1,2),
		(22,3,7,2,1),
		(23,3,7,2,1),
		(24,3,7,3,3),
		(17,3,12,1,2),
		(18,3,12,1,2),
		(19,3,12,1,2),
		(20,3,12,1,2),
		(21,3,12,1,2),
		(22,3,12,2,1),
		(23,3,12,2,1),
		(24,3,12,3,3),
		(25,4,2,1,2),
		(26,4,2,1,2),
		(27,4,2,1,2),
		(28,4,2,1,2),
		(29,4,2,1,2),
		(30,4,2,2,1),
		(31,4,2,2,1),
		(32,4,2,3,3),
		(25,4,8,1,2),
		(26,4,8,1,2),
		(27,4,8,1,2),
		(28,4,8,1,2),
		(29,4,8,1,2),
		(30,4,8,2,1),
		(31,4,8,2,1),
		(32,4,8,3,3),
		(25,4,11,1,2),
		(26,4,11,1,2),
		(27,4,11,1,2),
		(28,4,11,1,2),
		(29,4,11,1,2),
		(30,4,11,2,1),
		(31,4,11,2,1),
		(32,4,11,3,3),
		(33,5,3,1,2),
		(34,5,3,1,2),
		(35,5,3,1,2),
		(36,5,3,1,2),
		(37,5,3,1,2),
		(38,5,3,2,1),
		(39,5,3,2,1),
		(40,5,3,3,3),
		(33,5,8,1,2),
		(34,5,8,1,2),
		(35,5,8,1,2),
		(36,5,8,1,2),
		(37,5,8,1,2),
		(38,5,8,2,1),
		(39,5,8,2,1),
		(40,5,8,3,3),
		(33,5,13,1,2),
		(34,5,13,1,2),
		(35,5,13,1,2),
		(36,5,13,1,2),
		(37,5,13,1,2),
		(38,5,13,2,1),
		(39,5,13,2,1),
		(40,5,13,3,3),
		(41,6,3,1,2),
		(42,6,3,1,2),
		(43,6,3,1,2),
		(44,6,3,1,2),
		(45,6,3,1,2),
		(46,6,3,2,1),
		(47,6,3,2,1),
		(48,6,3,3,3),
		(41,6,9,1,2),
		(42,6,9,1,2),
		(43,6,9,1,2),
		(44,6,9,1,2),
		(45,6,9,1,2),
		(46,6,9,2,1),
		(47,6,9,2,1),
		(48,6,9,3,3),
		(41,6,12,1,2),
		(42,6,12,1,2),
		(43,6,12,1,2),
		(44,6,12,1,2),
		(45,6,12,1,2),
		(46,6,12,2,1),
		(47,6,12,2,1),
		(48,6,12,3,3),
		(49,7,4,1,2),
		(50,7,4,1,2),
		(51,7,4,1,2),
		(52,7,4,1,2),
		(53,7,4,1,2),
		(54,7,4,2,1),
		(55,7,4,2,1),
		(56,7,4,3,3),
		(49,7,9,1,2),
		(50,7,9,1,2),
		(51,7,9,1,2),
		(52,7,9,1,2),
		(53,7,9,1,2),
		(54,7,9,2,1),
		(55,7,9,2,1),
		(56,7,9,3,3),
		(49,7,14,1,2),
		(50,7,14,1,2),
		(51,7,14,1,2),
		(52,7,14,1,2),
		(53,7,14,1,2),
		(54,7,14,2,1),
		(55,7,14,2,1),
		(56,7,14,3,3),
		(57,8,4,1,2),
		(58,8,4,1,2),
		(59,8,4,1,2),
		(60,8,4,1,2),
		(61,8,4,1,2),
		(62,8,4,2,1),
		(63,8,4,2,1),
		(64,8,4,3,3),
		(57,8,10,1,2),
		(58,8,10,1,2),
		(59,8,10,1,2),
		(60,8,10,1,2),
		(61,8,10,1,2),
		(62,8,10,2,1),
		(63,8,10,2,1),
		(64,8,10,3,3),
		(57,8,13,1,2),
		(58,8,13,1,2),
		(59,8,13,1,2),
		(60,8,13,1,2),
		(61,8,13,1,2),
		(62,8,13,2,1),
		(63,8,13,2,1),
		(64,8,13,3,3),
		(65,9,5,1,2),
		(66,9,5,1,2),
		(67,9,5,1,2),
		(68,9,5,1,2),
		(69,9,5,1,2),
		(70,9,5,2,1),
		(71,9,5,2,1),
		(72,9,5,3,3),
		(65,9,10,1,2),
		(66,9,10,1,2),
		(67,9,10,1,2),
		(68,9,10,1,2),
		(69,9,10,1,2),
		(70,9,10,2,1),
		(71,9,10,2,1),
		(72,9,10,3,3),
		(65,9,15,1,2),
		(66,9,15,1,2),
		(67,9,15,1,2),
		(68,9,15,1,2),
		(69,9,15,1,2),
		(70,9,15,2,1),
		(71,9,15,2,1),
		(72,9,15,3,3),
		(73,10,5,1,2),
		(74,10,5,1,2),
		(75,10,5,1,2),
		(76,10,5,1,2),
		(77,10,5,1,2),
		(78,10,5,2,1),
		(79,10,5,2,1),
		(80,10,5,3,3),
		(73,10,6,1,2),
		(74,10,6,1,2),
		(75,10,6,1,2),
		(76,10,6,1,2),
		(77,10,6,1,2),
		(78,10,6,2,1),
		(79,10,6,2,1),
		(80,10,6,3,3),
		(73,10,14,1,2),
		(74,10,14,1,2),
		(75,10,14,1,2),
		(76,10,14,1,2),
		(77,10,14,1,2),
		(78,10,14,2,1),
		(79,10,14,2,1),
		(80,10,14,3,3)


GO

insert into tipoEvento(id, tipo)
values(1, 'Golo'),
(2, 'Golo Anulado'),
(3, 'Amarelo'),
(4, 'Duplo Amarelo'),
(5, 'Vermelho'),
(6, 'Entrada'),
(7, 'Saida')

GO

insert into parteJogo(id, parte)
values(1,'Primeira Parte'),
(2,'Segunda Parte'),
(3,'1 Parte Prolongamento'),
(4,'2 Parte Prolongamento'),
(5,'Penaltys')

GO

		insert into evento(idjogo,idequipa,idpessoa,idtipoevento,minuto,parte)
		values(1,1,5,1,15,1),
		(1,2,11,5,25,2),
		(1,1,5,1,30,2),
		(1,1,2,3,45,2),
		(2,4,26,1,15,1),
		(2,4,28,3,10,2),
		(2,3,20,1,30,2),
		(2,4,28,4,45,2),
		(3,5,37,1,15,1),
		(3,5,36,2,10,2),
		(3,6,45,1,30,2),
		(3,6,42,3,45,2),
		(4,7,50,3,15,1),
		(4,8,60,3,10,2),
		(5,10,77,2,15,1),
		(5,10,77,2,10,2),
		(5,9,67,3,30,2),
		(5,9,67,1,45,2),
		(6,1,4,1,15,1),
		(6,1,2,3,10,2),
		(6,10,77,2,30,2),
		(6,1,3,3,45,2),
		(7,3,19,3,27,1),
		(8,5,37,1,36,1),
		(9,6,44,1,17,2),
		(9,6,45,1,30,2),
		(9,6,42,3,45,2),
		(10,8,59,3,15,1),
		(10,9,68,2,12,2),
		(10,9,69,1,30,2),
		(11,1,3,3,15,1),
		(11,4,28,3,10,2),
		(11,1,3,7,12,2),
		(11,1,6,6,22,2),
		(11,1,5,1,27,2),
		(11,1,6,1,42,2),
		(12,6,43,5,17,1),
		(12,6,43,3,30,2),
		(12,3,18,1,45,2),
		(13,5,37,1,10,2),
		(13,8,60,3,45,2),
		(14,7,50,3,12,1),
		(14,10,77,1,22,2),
		(14,10,77,1,26,2),
		(14,10,77,1,29,2),
		(15,2,11,3,12,1),
		(15,9,68,1,22,1),
		(15,9,69,3,26,2),
		(15,2,12,1,29,2)
